sampleid	barcodes
1.T0	CACGCAGTCTAC
5.T0	TGTGCACGCCAT
11.T0	TGCACAGTCGCT
15.T0	CCGGACAAGAAG
21.T0	TTGCTGGACGCT
22.T0	CAAACGCACTAA
31.T0	GAAGAGGGTTGA
33.T0	TGAGTGGTCTGT
41.T0	TTACACAAAGGC
45.T0	ACGACGCATTTG
51.T0	TATCCAAGCGCA
55.T0	AGAGCCAAGAGC
1.T1	TCCCTTGTCTCC
2.T1	ACGAGACTGATT
3.T1	GCTGTACGGATT
4.T1	ATCACCAGGTGT
5.T1	TGGTCAACGATA
6.T1	ATCGCACAGTAA
7.T1	GTCGTGTAGCCT
8.T1	AGCGGAGGTTAG
9.T1	ATCCTTTGGTTC
10.T1	TACAGCGCATAC
11.T1	TTGCGTTAGCAG
12.T1	AATTGTGTCGGA
13.T1	TGCATACACTGG
14.T1	AGTCGAACGAGG
15.T1	ACCAGTGACTCA
16.T1	ACAATAGACACC
17.T1	GTAGATCGTGTA
18.T1	TAACGTGTGTGC
19.T1	CATTATGGCGTG
20.T1	CCAATACGCCTG
21.T1	GATCTGCGATCC
22.T1	CAGCTCATCAGC
23.T1	CAAACAACAGCT
24.T1	GCAACACCATCC
25.T1	TACTACGTGGCC
26.T1	CGAGCAATCCTA
27.T1	AGTCGTGCACAT
28.T1	GTATCTGCGCGT
29.T1	CGAGGGAAAGTC
30.T1	AGTTACGAGCTA
31.T1	GCATATGCACTG
32.T1	TCGGAATTAGAC
33.T1	TGTGAATTCGGA
34.T1	CAACTCCCGTGA
35.T1	GAACACTTTGGA
36.T1	TACGAGCCCTAA
37.T1	GTTCTCTTCTCG
38.T1	GATCCCACGTAC
39.T1	TTGGCTCTATTC
40.T1	TAGGCATGCTTG
41.T1	CTCACAACCGTG
42.T1	ATGGGTTCCGTC
43.T1	GGTGACTAGTTC
44.T1	GGACTTCCAGCT
45.T1	GTTGTTCTGGGA
46.T1	AGATTGACCAAC
47.T1	CAAATTCGGGAT
48.T1	GAATACCAAGTC
49.T1	ACCATAGCTCCG
50.T1	TTGGGTACACGT
51.T1	AAGGCGCTCCTT
52.T1	ATTCTGCCGAAG
53.T1	TAATACGGATCG
54.T1	GATGTTCGCTAG
55.T1	CATTCGTGGCGT
56.T1	GAGCCATCTGTA
57.T1	GGCCAGTTCCTA
58.T1	ACCGGTATGTAC
59.T1	GCGATATATCGC
60.T1	CACTACGCTAGA
1.T2	CGGTCAATTGAC
2.T2	GTGGAGTCTCAT
3.T2	GCTCGAAGATTC
4.T2	AGGCTTACGTGT
5.T2	TCTCTACCACTC
6.T2	ACTTCCAACTTC
7.T2	CTCACCTAGGAA
8.T2	GTGTTGTCGTGC
9.T2	CCACAGATCGAT
10.T2	TATCGACACAAG
11.T2	GATTCCGGCTCA
12.T2	CGTAATTGCCGC
13.T2	CTGCTATTCCTC
14.T2	ATGTCACCGCTG
15.T2	TGTAACGCCGAT
16.T2	CTATCTCCTGTC
17.T2	ACTCACAGGAAT
18.T2	ATGATGAGCCTC
19.T2	GTCGACAGAGGA
20.T2	TGTCGCAAATAG	
22.T2	ATCAGTACTAGG
23.T2	CGTACTCTCGAG
24.T2	TCAGTTCTCGTT
25.T2	TCGTGCGTGTTG
26.T2	GTTATCGCATGG
27.T2	GATCACGAGAGG
28.T2	GTAAATTCAGGC
29.T2	AGTGTTTCGGAC
30.T2	ACACGCGGTTTA
31.T2	TGGCAAATCTAG
32.T2	TGAGTATGAGTA
33.T2	CATCCCTCTACT
34.T2	TGCCGTATGCCA
35.T2	CGTGACAATAGT
36.T2	CGCTACAACTCG
37.T2	TTAAGACAGTCG
38.T2	TCTGCACTGAGC
39.T2	CGCAGATTAGTA
40.T2	TGGGTCCCACAT
41.T2	CACTGGTGCATA
42.T2	AACGTAGGCTCT
43.T2	AGCCTTCGTCGC
44.T2	AGCCCTGCTACA
45.T2	TCCATACCGGAA
46.T2	CCTAACGGTCCA
47.T2	CGCGCCTTAAAC
48.T2	TATGGTACCCAG
49.T2	TACAATATCTGT
50.T2	AATTTAGGTAGG
51.T2	GACTCAACCAGT
52.T2	GCCTCTACGTCG
53.T2	ACTACTGAGGAT
54.T2	AATTCACCTCCT
55.T2	CGTATAAATGCG
56.T2	ATGCTGCAACAC
57.T2	ACTCGCTCGCTG
58.T2	TTCCTTAGTAGT
59.T2	CGTCCGTATGAA
60.T2	ACGTGAGGAACG
1.T3	GCACACCTGATA
2.T3	TACCGCTTCTTC
3.T3	TACTCGGGAACT
4.T3	GCGAGCGAAGTA
5.T3	TCTTGGAGGTCA
6.T3	TATCTATCCTGC
7.T3	ATGTGTGTAGAC
8.T3	ATGCCATGCCGT
9.T3	CGGGTGTTTGCT
10.T3	CAGAAATGTGTC
11.T3	GTGTTAGATGTG
12.T3	TGAACCCTATGG
13.T3	GCGACAATTACA
14.T3	TGTGCGATAACA
15.T3	CGTGCTTAGGCT
16.T3	GTCACGGACATT
17.T3	TCACCTCCTTGT
18.T3	TTGCCAAGAGTC
19.T3	CCTGCGAAGTAT
20.T3	GACATTGTCACG
21.T3	TTGACCGCGGTT
22.T3	GTAGAGGTAGAG
23.T3	GCATAGCATCAA
24.T3	AGAGTCTTGCCA
25.T3	TCATGCTCCATT
26.T3	GATTATCGACGA
27.T3	AGTAGCGGAAGA
28.T3	ACTCCTTGTGTT
29.T3	TACCGAAGGTAT
30.T3	TCCTCGAGCGAT
31.T3	TTCTCTCGACAT
32.T3	GCCAACAACCAT
34.T3	CGTGATCCGCTA
35.T3	TTAGAGCCATGC
36.T3	ACAACACTCCGA
37.T3	AGCTGTCAAGCT
38.T3	GCCTAGCCCAAT
39.T3	GCAATTAGGTAC
40.T3	ATCTACCGAAGC
41.T3	CACTCATCATTC
42.T3	ACCCAAGCGTTA
43.T3	GCTCTCCGTAGA
44.T3	TAATCGGTGCCA
45.T3	AGCAACATTGCA
46.T3	GGTTATTTGGCG
47.T3	TGTCAAAGTGAC
48.T3	CGATGCTGTTGA
49.T3	GAGAGCAACAGA
50.T3	GATGTATGTGGT
51.T3	CATACCGTGAGT
52.T3	ACTTGGTGTAAG
53.T3	GTATTTCGGACG
54.T3	TGCAGCAAGATT
55.T3	GTTAAGCTGACC
56.T3	TTGATCCGGTAG
57.T3	GATGTGGTGTTA
58.T3	GGATCGTAATAC
59.T3	TATTTGATTGGT
60.T3	ACGACTGCATAA
1.T4	ACGCGAACTAAT
2.T4	GTCATGCTCCAG
3.T4	CGCTGTGGATTA
4.T4	CTGTCAGTGACC
5.T4	ACGATTCGAGTC
6.T4	GGTTCGGTCCAT
7.T4	CTGATCCATCTT
8.T4	TATGTGCCGGCT
9.T4	TGGTCGCATCGT
10.T4	TGTAAGACTTGG
11.T4	CGGATCTAGTGT
12.T4	CGATCTTCGAGC
13.T4	AGCTATGTATGG
14.T4	AACTAGTTCAGG
15.T4	GAAACATCCCAC
16.T4	TGAGTCATTGAG
17.T4	TGGAGTAGGTGG
18.T4	TAAATATACCCT
19.T4	AGCATGTCCCGT
20.T4	GGTTGCCCTGTA
21.T4	CATATAGCCCGA
22.T4	GCCTATGAGATC
23.T4	CAAGTGAAGGGA
24.T4	CACGTTTATTCC
25.T4	GAGATACAGTTC
26.T4	GCAACGAACGAG
27.T4	TGACTAATGGCC
28.T4	CGGGACACCCGA
29.T4	CTGTCTATACTA
30.T4	TATGCCAGAGAT
31.T4	CGTTTGGAATGA
32.T4	AAGAACTCATGA
33.T4	TGATATCGTCTT
34.T4	CGGTGACCTACT
35.T4	AATGCGCGTATA
36.T4	CTTGATTCTTGA
37.T4	GAAATCTTGAAG
38.T4	ACGTATTCGAAG
39.T4	ACCTTACACCTT
40.T4	TAATCTCGCCGG
41.T4	ATCTAGTGGCAA
42.T4	ACGCTTAACGAC
43.T4	TACGGATTATGG
44.T4	ATACATGCAAGA
45.T4	CTTAGTGCAGAA
46.T4	AATCTTGCGCCG
47.T4	AGGATCAGGGAA
48.T4	AATAACTAGGGT
49.T4	TATTGCAGCAGC
50.T4	TGATGTGCTAAG
51.T4	GTCGTCCAAATG
52.T4	AGTAAAGATCGT
53.T4	TCTCTTTCGACA
55.T4	ACATACTGAGCA
56.T4	GTTGATACGATG
57.T4	GTCAACGCTGTC
58.T4	TGAGACCCTACA
59.T4	CCATGTGGCTCC
60.T4	ATTACGTATCAT
N1	TCGACATCTCTT
P1	TGCAGTCCTCGA
N2	GAACCAGTACTC
P2	AATGGTTCAGCA
