TAT GGT ACC CAG,TCC CTT GTC TCC
TAC AAT ATC TGT,ACG AGA CTG ATT
AAT TTA GGT AGG,GCT GTA CGG ATT
GAC TCA ACC AGT,ATC ACC AGG TGT
GCC TCT ACG TCG,TGG TCA ACG ATA
ACT ACT GAG GAT,ATC GCA CAG TAA
AAT TCA CCT CCT,GTC GTG TAG CCT
CGT ATA AAT GCG,AGC GGA GGT TAG
ATG CTG CAA CAC,ATC CTT TGG TTC
ACT CGC TCG CTG,TAC AGC GCA TAC
TTC CTT AGT AGT,ACC GGT ATG TAC
CGT CCG TAT GAA,AAT TGT GTC GGA
ACG TGA GGA ACG,TGC ATA CAC TGG
GGT TGC CCT GTA,AGT CGA ACG AGG
CAT ATA GCC CGA,ACC AGT GAC TCA
GCC TAT GAG ATC,GAA TAC CAA GTC
CAA GTG AAG GGA,GTA GAT CGT GTA
CAC GTT TAT TCC,TAA CGT GTG TGC
GCA ACG AAC GAG,CAT TAT GGC GTG
TGA CTA ATG GCC,CCA ATA CGC CTG
CGG GAC ACC CGA,GAT CTG CGA TCC
CTG TCT ATA CTA,CAG CTC ATC AGC
TAT GCC AGA GAT,CAA ACA ACA GCT
CGT TTG GAA TGA,GCA ACA CCA TCC
AAG AAC TCA TGA,GCG ATA TAT CGC
TGA TAT CGT CTT,CGA GCA ATC CTA
CGG TGA CCT ACT,AGT CGT GCA CAT
AAT GCG CGT ATA,GTA TCT GCG CGT
CTT GAT TCT TGA,CGA GGG AAA GTC
GAA ATC TTG AAG,CAA ATT CGG GAT
GAG ATA CAG TTC,AGA TTG ACC AAC
ACG TAT TCG AAG,AGT TAC GAG CTA
ACC TTA CAC CTT,GCA TAT GCA CTG
TAA TCT CGC CGG,CAA CTC CCG TGA
ATC TAG TGG CAA,TTG CGT TAG CAG
ACG CTT AAC GAC,TAC GAG CCC TAA
TAC GGA TTA TGG,GCG ATA TAT CGC
ATA CAT GCA AGA,TGC AGT CCT CGA
CTT AGT GCA GAA,ACC ATA GCT CCG
AAT CTT GCG CCG,TCG ACA TCT CTT
AGG ATC AGG GAA,GAA CAC TTT GGA
AAT AAC TAG GGT,GAG CCA TCT GTA
TAT TGC AGC AGC,TTG GGT ACA CGT
TGA TGT GCT AAG,AAG GCG CTC CTT
GTA GTA GAC CAT,TAA TAC GGA TCG
AGT AAA GAT CGT,TCG GAA TTA GAC
CTC GCC CTC GCC,TGT GAA TTC GGA
TCT CTT TCG ACA,CAT TCG TGG CGT
CGC GCC TTA AAC,TAC TAC GTG GCC
,GGC CAG TTC CTA
,GAT GTT CGC TAG
,CTA TCT CCT GTC
,ACT CAC AGG AAT
,ATG ATG AGC CTC
,GTC GAC AGA GGA
,TGT CGC AAA TAG
,CAT CCC TCT ACT
,TAT ACC GCT GCG
,AGT TGA GGC ATT
,ACA ATA GAC ACC
,CGG TCA ATT GAC
,GTG GAG TCT CAT
,GCT CGA AGA TTC
,AGG CTT ACG TGT
,TCT CTA CCA CTC
,ACT TCC AAC TTC
,CTC ACC TAG GAA
,GTG TTG TCG TGC
,CCA CAG ATC GAT
,TAT CGA CAC AAG
,GAT TCC GGC TCA
,CGT AAT TGC CGC
,GGT GAC TAG TTC
,ATG GGT TCC GTC
,TAG GCA TGC TTG
,AAC TAG TTC AGG
,ATT CTG CCG AAG
,AGC ATG TCC CGT
,GTA CGA TAT GAC
,GTG GTG GTT TCC
,TAG TAT GCG CAA
,TGC GCT GAA TGT
,ATG GCT GTC AGT
,GTT CTC TTC TCG
,CGT AAG ATG CCT
,GCG TTC TAG CTG
,GTT GTT CTG GGA
,GGA CTT CCA GCT
,CTC ACA ACC GTG
,CTG CTA TTC CTC
,ATG TCA CCG CTG
,TGT AAC GCC GAT
,AGC AGA ACA TCT
,TGG AGT AGG TGG
,TTG GCT CTA TTC
,GAT CCC ACG TAC
,TAC CGC TTC TTC
,TGT GCG ATA ACA
,GAT TAT CGA CGA
,GCC TAG CCC AAT
,GAT GTA TGT GGT
,ACT CCT TGT GTT
,GTC ACG GAC ATT
,GCG AGC GAA GTA
,ATC TAC CGA AGC
,ACT TGG TGT AAG
,TCT TGG AGG TCA
,TCA CCT CCT TGT
,GCA CAC CTG ATA
,GCG ACA ATT ACA
,TCA TGC TCC ATT
,AGC TGT CAA GCT
,GAG AGC AAC AGA
,TAC TCG GGA ACT
,CGT GCT TAG GCT
,TAC CGA AGG TAT
,CAC TCA TCA TTC
,GTA TTT CGG ACG
,TAT CTA TCC TGC
,TTG CCA AGA GTC
,AGT AGC GGA AGA
,GCA ATT AGG TAC
,CAT ACC GTG AGT
,ATG TGT GTA GAC
,CCT GCG AAG TAT
,TTC TCT CGA CAT
,GCT CTC CGT AGA
,GTT AAG CTG ACC
,ATG CCA TGC CGT
,GAC ATT GTC ACG
,GCC AAC AAC CAT
,ATC AGT ACT AGG
,TCC TCG AGC GAT
,ACC CAA GCG TTA
,TGC AGC AAG ATT
,AGC AAC ATT GCA
,GAT GTG GTG TTA
,CAG AAA TGT GTC
,GTA GAG GTA GAG
,CGT GAT CCG CTA
,GGT TAT TTG GCG
,GGA TCG TAA TAC
,GCA TAG CAT CAA
,GTG TTA GAT GTG
,TTA GAG CCA TGC
,TGA ACC CTA TGG
,AGA GTC TTG CCA
,ACA ACA CTC CGA
,CGA TGC TGT TGA
,ACG ACT GCA TAA
,ACG CGA ACT AAT
,AGC TAT GTA TGG
,ACG GGT CAT CAT
,GAA ACA TCC CAC
,CGT ACT CTC GAG
,TCA GTT CTC GTT
,TCG TGC GTG TTG
,GTT ATC GCA TGG
,GAT CAC GAG AGG
,GTA AAT TCA GGC
,AGT GTT TCG GAC
,ACA CGC GGT TTA
,TGG CAA ATC TAG
,CAC CTT ACC TTA
,TTA ACC TTC CTG
,TGC CGT ATG CCA
,CGT GAC AAT AGT
,CGC TAC AAC TCG
,TTA AGA CAG TCG
,TCT GCA CTG AGC
,CGC AGA TTA GTA
,TGG GTC CCA CAT
,CAC TGG TGC ATA
,AAC GTA GGC TCT
,AGT TGT AGT CCG
,TCG TCA AAC CCG
,TAA TCG GTG CCA
,TTG ATC CGG TAG
,CGG GTG TTT GCT
,TTG ACC GCG GTT
,GTG CAA CCA ATC
,GCT TGA GCT TGA
,CGC TGT GGA TTA
,CTG TCA GTG ACC
,ACG ATT CGA GTC
,GGT TCG GTC CAT
,CTG ATC CAT CTT
,TAT GTG CCG GCT
,TGG TCG CAT CGT
,TGT AAG ACT TGG
,CGG ATC TAG TGT
,CGA TCT TCG AGC
,AGC CTT CGT CGC
,TCC ATA CCG GAA
,AGC CCT GCT ACA
,CCT AAC GGT CCA
,CGC GCC TTA AAC
,TAT GGT ACC CAG
,TAC AAT ATC TGT
,AAT TTA GGT AGG
,GAC TCA ACC AGT
,GCC TCT ACG TCG
,ACT ACT GAG GAT
,AAT TCA CCT CCT
,CGT ATA AAT GCG
,ATG CTG CAA CAC
,ACT CGC TCG CTG
,TTC CTT AGT AGT
,CGT CCG TAT GAA
,ACG TGA GGA ACG
,GGT TGC CCT GTA
,CAT ATA GCC CGA
,GCC TAT GAG ATC
,CAA GTG AAG GGA
,CAC GTT TAT TCC
,GCA ACG AAC GAG
,TGA CTA ATG GCC
,CGG GAC ACC CGA
,CTG TCT ATA CTA
,TAT GCC AGA GAT
,CGT TTG GAA TGA
,AAG AAC TCA TGA
,TGA TAT CGT CTT
,CGG TGA CCT ACT
,AAT GCG CGT ATA
,CTT GAT TCT TGA
,GAA ATC TTG AAG
,GAG ATA CAG TTC
,ACG TAT TCG AAG
,ACC TTA CAC CTT
,TAA TCT CGC CGG
,ATC TAG TGG CAA
,ACG CTT AAC GAC
,TAC GGA TTA TGG
,ATA CAT GCA AGA
,CTT AGT GCA GAA
,AAT CTT GCG CCG
,AGG ATC AGG GAA
,AAT AAC TAG GGT
,TAT TGC AGC AGC
,TGA TGT GCT AAG
,GTA GTA GAC CAT
,AGT AAA GAT CGT
,CTC GCC CTC GCC
,TCT CTT TCG ACA
,ACA TAC TGA GCA
,GTT GAT ACG ATG
,GTC AAC GCT GTC
,TGA GAC CCT ACA
,CCA TGT GGC TCC
,ATT ACG TAT CAT
,CAC GCA GTC TAC
,TGT GCA CGC CAT
,CCG GAC AAG AAG
,TTG CTG GAC GCT
,TAC TAA CGC GGT
,GCG ATC ACA CCT
,CAA ACG CAC TAA
,GAA GAG GGT TGA
,TGA GTG GTC TGT
,TTA CAC AAA GGC
,ACG ACG CAT TTG
,TAT CCA AGC GCA
,AGA GCC AAG AGC
,GGT GAG CAA GCA
,TAA ATA TAC CCT
,TTG CGG ACC CTA
,GTC GTC CAA ATG
,TGC ACA GTC GCT
,TTA CTG TGG CCG
,GGT TCA TGA ACA
,TAA CAA TAA TTC
,CTT ATT AAA CGT
,AGC GAT TCC TCG
,TAT TTG ATT GGT
,TGT CAA AGT GAC
,CTA TGT ATT AGT
,ACT CCC GTG TGA
,CGG TAT AGC AAT
,GAC TCT GCT CAG
,GTC ATG CTC CAG
,TGA GTC ATT GAG
,TGA GTA TGA GTA
,AAT GGT TCA GCA
,GAA CCA GTA CTC
,CGC ACC CAT ACA
,GTG CCA TAA TCG
,ACT CTT ACT TAG
